feature,importance
contract,0.5294892873505487
payment_method,0.1516597034493281
tenure,0.09110631585955924
monthly_charges,0.08555727469617408
total_charges,0.04617952619597994
online_security,0.027442084200440788
senior_citizen,0.02610525326490006
partner,0.012445460177440556
internet_service,0.010116925022556643
streaming_tv,0.009059822718525186
dependents,0.005735039727224794
tech_support,0.0034899020689548145
paperless_billing,0.0016134052683671276
